Police_Station,Mandal_Name,Code,Address,Latitude,Longitude,Google_Maps_Link,QR_Code_Data
Ambad Police Station,Pelican Bahu-uddeshiya Sanstha (Valuable) (AMB-001),AMB-001,"Swami Vivekananda Nagar, Navin Cidco, Nashik",19.9975,73.7898,"https://www.google.com/maps?q=19.9975,73.7898","https://www.google.com/maps?q=19.9975,73.7898"
Ambad Police Station,Ekta Vividh Vikas Seva Sansthan (Valuable) (AMB-002),AMB-002,"Rajratnanagar Cidco, Nashik",19.9975,73.7898,"https://www.google.com/maps?q=19.9975,73.7898","https://www.google.com/maps?q=19.9975,73.7898"
Ambad Police Station,Shri Krishna Kala Va Krida Sanskrutik Mitra Mandal (Valuable) (AMB-003),AMB-003,"Shri Krishna Nagar, Ambad, Nashik",19.9975,73.7898,"https://www.google.com/maps?q=19.9975,73.7898","https://www.google.com/maps?q=19.9975,73.7898"
Ambad Police Station,"Raje Chhatrapati Educational, Cultural, Arts and Sports Mandal (AMB-004)",AMB-004,"Raje Chhatrapati Mandal Sports Ground, Old Cidco, Nashik",19.9975,73.7898,"https://www.google.com/maps?q=19.9975,73.7898","https://www.google.com/maps?q=19.9975,73.7898"
Ambad Police Station,Shrimant Cidcocha Maharaja Cidco Colony Mitra Mandal (AMB-005),AMB-005,"Chhatrapati Shivaji Chowk, Cidco, Nashik",19.9975,73.7898,"https://www.google.com/maps?q=19.9975,73.7898","https://www.google.com/maps?q=19.9975,73.7898"
Ambad Police Station,Shivraj Yuvak Mitra Mandal (AMB-006),AMB-006,"Near Bhole Mangal Karyalaya, Shubham Park, Cidco, Nashik",19.9975,73.7898,"https://www.google.com/maps?q=19.9975,73.7898","https://www.google.com/maps?q=19.9975,73.7898"
Ambad Police Station,Raje Sambhaji Kala Va Krida Mandal (AMB-007),AMB-007,"Jijamata vegetable Market, Pawan Nagar, Cidco, Nashik",19.9975,73.7898,"https://www.google.com/maps?q=19.9975,73.7898","https://www.google.com/maps?q=19.9975,73.7898"
Ambad Police Station,Cidcocha Raja Mitra Mandal (AMB-008),AMB-008,"Hedgewar Nagar, Volleyball ground, Trimurti Chowk, Cidco,",19.9975,73.7898,"https://www.google.com/maps?q=19.9975,73.7898","https://www.google.com/maps?q=19.9975,73.7898"
Ambad Police Station,Datdham Chowk Mitra Mandal (AMB-009),AMB-009,"Naik Farm, Cidco, Nashik",19.9975,73.7898,"https://www.google.com/maps?q=19.9975,73.7898","https://www.google.com/maps?q=19.9975,73.7898"
Ambad Police Station,Hulk Fitness Social Foundation (AMB-010),AMB-010,I.T.I. Bridge Sahane Nagar,19.9975,73.7898,"https://www.google.com/maps?q=19.9975,73.7898","https://www.google.com/maps?q=19.9975,73.7898"
Ambad Police Station,Sarvagnya Foundation (AMB-011),AMB-011,"D.G.P. Nagar, near Ankur Hospital Sarvagnya Kirana Mauli Lawns, Nashik",19.9975,73.7898,"https://www.google.com/maps?q=19.9975,73.7898","https://www.google.com/maps?q=19.9975,73.7898"
Ambad Police Station,Mauli Mitra Mandal (AMB-012),AMB-012,"Sarvagnya Kirana Mauli Lawns, Nashik, next to Sai Hall, Mauli Lawns D.G.P.",19.9975,73.7898,"https://www.google.com/maps?q=19.9975,73.7898","https://www.google.com/maps?q=19.9975,73.7898"
Bhadrakali Police Station,Bhadrakali Karanja Mitra Mandal (BHA-001),BHA-001,"Sakshi Ganesh Temple, Tivandha, Nashik",19.9975,73.7898,"https://www.google.com/maps?q=19.9975,73.7898","https://www.google.com/maps?q=19.9975,73.7898"
Bhadrakali Police Station,Shivseva Yuvak Mitra Mandal (BHA-002),BHA-002,"Gadge Maharaj Statue, Nashik",19.9975,73.7898,"https://www.google.com/maps?q=19.9975,73.7898","https://www.google.com/maps?q=19.9975,73.7898"
Bhadrakali Police Station,Janata Raja Mitra Mandal (BHA-003),BHA-003,"Dingarali, Old Nashik",19.9975,73.7898,"https://www.google.com/maps?q=19.9975,73.7898","https://www.google.com/maps?q=19.9975,73.7898"
Bhadrakali Police Station,Shri. Raje Chhatrapati Samajik Sanskrutik Kala Va Krida Mitra Mandal (BHA-004),BHA-004,"B.D. Bhalekar Maidan, Nashik",19.9975,73.7898,"https://www.google.com/maps?q=19.9975,73.7898","https://www.google.com/maps?q=19.9975,73.7898"
Bhadrakali Police Station,Yuvak Unnati Mitra Mandal (BHA-005),BHA-005,"Bhadrakali Foot Market, Nashik",19.9975,73.7898,"https://www.google.com/maps?q=19.9975,73.7898","https://www.google.com/maps?q=19.9975,73.7898"
Bhadrakali Police Station,Utkarsh Mitra Mandal (BHA-006),BHA-006,"Naikwadipura, Nashik",19.9975,73.7898,"https://www.google.com/maps?q=19.9975,73.7898","https://www.google.com/maps?q=19.9975,73.7898"
Bhadrakali Police Station,Shri Bhakti Mitra Mandal (BHA-007),BHA-007,"Old Tambat Lane, near Rahad, Nashik",19.9975,73.7898,"https://www.google.com/maps?q=19.9975,73.7898","https://www.google.com/maps?q=19.9975,73.7898"
Bhadrakali Police Station,Satyam Sanskrutik Kala Va Krida Mandal (BHA-008),BHA-008,Taksal Lane Corner,19.9975,73.7898,"https://www.google.com/maps?q=19.9975,73.7898","https://www.google.com/maps?q=19.9975,73.7898"
Bhadrakali Police Station,Shri Bharat Mitra Mandal (BHA-009),BHA-009,"Old Tambat Lane, near Sakshi Ganesh Ganpati, Khandve Ganpati Aai",19.9975,73.7898,"https://www.google.com/maps?q=19.9975,73.7898","https://www.google.com/maps?q=19.9975,73.7898"
Bhadrakali Police Station,Welcome Sahakarya Mitra Mandal (BHA-010),BHA-010,"Nav Darwaza, Nashik",19.9975,73.7898,"https://www.google.com/maps?q=19.9975,73.7898","https://www.google.com/maps?q=19.9975,73.7898"
Bhadrakali Police Station,Rokdoba Mitra Mandal (BHA-011),BHA-011,"Nav Darwaza, Nashik",19.9975,73.7898,"https://www.google.com/maps?q=19.9975,73.7898","https://www.google.com/maps?q=19.9975,73.7898"
Bhadrakali Police Station,Dande Hanuman Mitra Mandal (BHA-012),BHA-012,"Kazipura Chowk, Old Nashik",19.9975,73.7898,"https://www.google.com/maps?q=19.9975,73.7898","https://www.google.com/maps?q=19.9975,73.7898"
Bhadrakali Police Station,Shri. Shaneshwara Yuvak Samiti (BHA-013),BHA-013,Chowk Mandai,19.9975,73.7898,"https://www.google.com/maps?q=19.9975,73.7898","https://www.google.com/maps?q=19.9975,73.7898"
Bhadrakali Police Station,Gajanan Mitra Mandal (BHA-014),BHA-014,"Somwar Peth, Tibandha",19.9975,73.7898,"https://www.google.com/maps?q=19.9975,73.7898","https://www.google.com/maps?q=19.9975,73.7898"
Bhadrakali Police Station,Mahalakshmi Chal Social Foundation (BHA-015),BHA-015,"Bagwanpura, Old Nashik",19.9975,73.7898,"https://www.google.com/maps?q=19.9975,73.7898","https://www.google.com/maps?q=19.9975,73.7898"
Bhadrakali Police Station,Burud Galli Lokpriya Mitra Mandal (BHA-016),BHA-016,"Burud Galli, Kokanipura",19.9975,73.7898,"https://www.google.com/maps?q=19.9975,73.7898","https://www.google.com/maps?q=19.9975,73.7898"
Bhadrakali Police Station,"Bhoi Mitra Mandal, Bhoi Galli (BHA-017)",BHA-017,"Bhoi Galli, Kathada",19.9975,73.7898,"https://www.google.com/maps?q=19.9975,73.7898","https://www.google.com/maps?q=19.9975,73.7898"
Bhadrakali Police Station,Nehru Chowk Mitra Mandal (BHA-018),BHA-018,"Pimpalpar, Nehru Chowk",19.9975,73.7898,"https://www.google.com/maps?q=19.9975,73.7898","https://www.google.com/maps?q=19.9975,73.7898"
Bhadrakali Police Station,Namco Bank Parivar Ganeshotsav Mandal (BHA-019),BHA-019,Nepali Corner,19.9975,73.7898,"https://www.google.com/maps?q=19.9975,73.7898","https://www.google.com/maps?q=19.9975,73.7898"
Bhadrakali Police Station,Butan Aikya Mitra Mandal (BHA-020),BHA-020,"Budhwar Peth, Buttaro Corner",19.9975,73.7898,"https://www.google.com/maps?q=19.9975,73.7898","https://www.google.com/maps?q=19.9975,73.7898"
Bhadrakali Police Station,Hanuman Yuvak Mitra Mandal (BHA-021),BHA-021,Miradatar Dargah,19.9975,73.7898,"https://www.google.com/maps?q=19.9975,73.7898","https://www.google.com/maps?q=19.9975,73.7898"
Bhadrakali Police Station,Old Nashik Friend Circle (BHA-022),BHA-022,"Darbar Road, Nanavali",19.9975,73.7898,"https://www.google.com/maps?q=19.9975,73.7898","https://www.google.com/maps?q=19.9975,73.7898"
Bhadrakali Police Station,Bhadrakali Yuvak Mandal (BHA-023),BHA-023,"Bhadrakali Patio, Old Nashik",19.9975,73.7898,"https://www.google.com/maps?q=19.9975,73.7898","https://www.google.com/maps?q=19.9975,73.7898"
Bhadrakali Police Station,Dharmveer Sambhaji Mitra Mandal (BHA-024),BHA-024,"In front of Nanavali Police Chowky, Nanavali",19.9975,73.7898,"https://www.google.com/maps?q=19.9975,73.7898","https://www.google.com/maps?q=19.9975,73.7898"
Bhadrakali Police Station,"Shri Seva Pimpal Tauk Kala Va Krida Mandal, Nashik (BHA-025)",BHA-025,"Thackeray Road, Pimpal Chowk",19.9975,73.7898,"https://www.google.com/maps?q=19.9975,73.7898","https://www.google.com/maps?q=19.9975,73.7898"
Bhadrakali Police Station,H.L. Kamgar Mitra Mandal (BHA-026),BHA-026,B.D. Bhalekar Maidan,19.9975,73.7898,"https://www.google.com/maps?q=19.9975,73.7898","https://www.google.com/maps?q=19.9975,73.7898"
Bhadrakali Police Station,Yashwant Sanskrutik Kala Va Krida Mandal (BHA-027),BHA-027,B.D. Bhalekar Maidan,19.9975,73.7898,"https://www.google.com/maps?q=19.9975,73.7898","https://www.google.com/maps?q=19.9975,73.7898"
Bhadrakali Police Station,Shri Samarth Mitra Mandal (BHA-028),BHA-028,"Shankar Nagar, Takli Road",19.9975,73.7898,"https://www.google.com/maps?q=19.9975,73.7898","https://www.google.com/maps?q=19.9975,73.7898"
Bhadrakali Police Station,Navkanti Mitra Mandal (BHA-029),BHA-029,"Hanuman Chowk, Kathe Galli",19.9975,73.7898,"https://www.google.com/maps?q=19.9975,73.7898","https://www.google.com/maps?q=19.9975,73.7898"
Bhadrakali Police Station,Shri Balaji Mitra Mandal (BHA-030),BHA-030,"Shankar Nagar, Takli Road, Dwarka",19.9975,73.7898,"https://www.google.com/maps?q=19.9975,73.7898","https://www.google.com/maps?q=19.9975,73.7898"
Bhadrakali Police Station,Arjun Kala Va Krida Mandal (BHA-031),BHA-031,"Jahangir Complex, Kathe Galli Signal",19.99071,73.79935,"https://www.google.com/maps?q=19.99071,73.79935","https://www.google.com/maps?q=19.99071,73.79935"
Bhadrakali Police Station,Rammukti Mitra Mandal (BHA-032),BHA-032,"Rammukti Chowk, Chowk Mandai",19.99616,73.7926,"https://www.google.com/maps?q=19.99616,73.7926","https://www.google.com/maps?q=19.99616,73.7926"
Bhadrakali Police Station,Bosch Ganesh Mandal (BHA-033),BHA-033,B.D. Bhalekar Maidan,19.99888,73.78469,"https://www.google.com/maps?q=19.99888,73.78469","https://www.google.com/maps?q=19.99888,73.78469"
Bhadrakali Police Station,Mahindra & Mahindra Utsav Samiti (BHA-034),BHA-034,B.D. Bhalekar Maidan,19.99887,73.78459,"https://www.google.com/maps?q=19.99887,73.78459","https://www.google.com/maps?q=19.99887,73.78459"
Bhadrakali Police Station,H.L. Kamgar Mandal (BHA-035),BHA-035,B.D. Bhalekar Maidan,19.99894,73.78438,"https://www.google.com/maps?q=19.99894,73.78438","https://www.google.com/maps?q=19.99894,73.78438"
Bhadrakali Police Station,Shri Gajanan Maharaj Mitra Mandal (BHA-036),BHA-036,Taksal Lane,19.99905,73.78470,"https://www.google.com/maps?q=19.99905,73.78470","https://www.google.com/maps?q=19.99905,73.78470"
Bhadrakali Police Station,Prerna Sanskrutik Mitra Mandal (BHA-037),BHA-037,"Bagul Corner, Main Road",19.9975,73.7898,"https://www.google.com/maps?q=19.9975,73.7898","https://www.google.com/maps?q=19.9975,73.7898"
Bhadrakali Police Station,Bhoiraj Foundation (BHA-038),BHA-038,"Bhoi Galli, Old Nashik",19.9975,73.7898,"https://www.google.com/maps?q=19.9975,73.7898","https://www.google.com/maps?q=19.9975,73.7898"
Bhadrakali Police Station,Shivraj Mitra Mandal (BHA-039),BHA-039,"Maneqsha Nagar, Dwarka",19.9975,73.7898,"https://www.google.com/maps?q=19.9975,73.7898","https://www.google.com/maps?q=19.9975,73.7898"
Bhadrakali Police Station,Hindu Ekta Andolan Paksha Pranit Shahid Bhagatsing Kranti Dal (BHA-040),BHA-040,Shahid Bhagat Singh Chowk,19.9975,73.7898,"https://www.google.com/maps?q=19.9975,73.7898","https://www.google.com/maps?q=19.9975,73.7898"
Bhadrakali Police Station,Nataraj Mitra Mandal (BHA-041),BHA-041,"Talawadi, Central Market",19.9975,73.7898,"https://www.google.com/maps?q=19.9975,73.7898","https://www.google.com/maps?q=19.9975,73.7898"
Gangapur Police Station,"Rajmudra Sanskrutik Kala, Krida Mandal (GAN-001)",GAN-001,"Bhosla Circle, College Road, Nashik",19.9975,73.7898,"https://www.google.com/maps?q=19.9975,73.7898","https://www.google.com/maps?q=19.9975,73.7898"
Gangapur Police Station,Jai Bajrang Mitra Mandal Nashik (GAN-002),GAN-002,"Near Shraddha Mall, Yevlekar Mala",19.9975,73.7898,"https://www.google.com/maps?q=19.9975,73.7898","https://www.google.com/maps?q=19.9975,73.7898"
Gangapur Police Station,Shivsamarth Kala Krida Mitra Mandal (GAN-003),GAN-003,"Kranti Chowk, Gangapur Gaon, Nashik",19.9975,73.7898,"https://www.google.com/maps?q=19.9975,73.7898","https://www.google.com/maps?q=19.9975,73.7898"
Gangapur Police Station,Gangapur Road Cha Maharaja Mitra Mandal (GAN-004),GAN-004,"In front of Hotel Durga, K.B.T. Circle, Gangapur Road, Nashik",19.9975,73.7898,"https://www.google.com/maps?q=19.9975,73.7898","https://www.google.com/maps?q=19.9975,73.7898"
Gangapur Police Station,Shivshambho Yuva Pratishthan Mitra Mandal (Gangapur Road Cha Chintamani) (GAN-005),GAN-005,"Near Body Master Gym, Pumping Station, Gangapur Road, Nashik",19.9975,73.7898,"https://www.google.com/maps?q=19.9975,73.7898","https://www.google.com/maps?q=19.9975,73.7898"
Gangapur Police Station,Goda Shraddha Mitra Mandal (GAN-006),GAN-006,"Near Shraddha Mall, College Road, Nashik",19.9975,73.7898,"https://www.google.com/maps?q=19.9975,73.7898","https://www.google.com/maps?q=19.9975,73.7898"
Gangapur Police Station,Shiv Kesari Bahuudeshiya Vikas Mandal (GAN-007),GAN-007,"Chintamani Mangal Karyalaya, Ekta Nagar, Nashik",19.9975,73.7898,"https://www.google.com/maps?q=19.9975,73.7898","https://www.google.com/maps?q=19.9975,73.7898"
Gangapur Police Station,Roshan Bhau Ghate Charitable Trust Pranit Sahyadri Yuva Pratishthan (GAN-008),GAN-008,"Samvidhan Chowk, City Center Mall, Gangapur Road, Pumping Station Road,",19.9975,73.7898,"https://www.google.com/maps?q=19.9975,73.7898","https://www.google.com/maps?q=19.9975,73.7898"
Gangapur Police Station,Ekta Mitra Mandal (GAN-009),GAN-009,"Near Rickshaw Stand, Gangapur Gaon, Nashik",19.9975,73.7898,"https://www.google.com/maps?q=19.9975,73.7898","https://www.google.com/maps?q=19.9975,73.7898"
Gangapur Police Station,Chhatrapati Shivaji Mitra Mandal (GAN-010),GAN-010,"Chhatrapati Shivajinagar, Nashik",19.9975,73.7898,"https://www.google.com/maps?q=19.9975,73.7898","https://www.google.com/maps?q=19.9975,73.7898"
Indiranagar Police Station,Chhava Kantiveer Sena Shambho Narayan Group Nashikcha Vighnaharta (IND-001),IND-001,"Gamnemidan, Vasnagar, Pathardi Fata, Nashik",19.9975,73.7898,"https://www.google.com/maps?q=19.9975,73.7898","https://www.google.com/maps?q=19.9975,73.7898"
Indiranagar Police Station,"Hindavi Swarajya Pratishthan, Matoshri Chowk, Rajivanagar (IND-002)",IND-002,"In front of Sharda School, Ranenagar, Indiranagar, Nashik",19.9975,73.7898,"https://www.google.com/maps?q=19.9975,73.7898","https://www.google.com/maps?q=19.9975,73.7898"
Indiranagar Police Station,"Late Dharmaraj Barode Bahu-Uddeshiya Sanstha Pranit Shripratishthan, Indiranagar (IND-003)",IND-003,"Shradha Vihar near Gajanan Mandir, Pathardi Road, Indiranagar, Nashik",19.9975,73.7898,"https://www.google.com/maps?q=19.9975,73.7898","https://www.google.com/maps?q=19.9975,73.7898"
Indiranagar Police Station,"Indiranagar Utsav Samiti, Indiranagar (IND-004)",IND-004,"Madhusudan Park Bapu Bungalow, Indiranagar, Nashik",19.9975,73.7898,"https://www.google.com/maps?q=19.9975,73.7898","https://www.google.com/maps?q=19.9975,73.7898"
Indiranagar Police Station,"Unique Group, Rajivanagar, Indiranagar (IND-005)",IND-005,"In front of Kalibari Temple, Matoshri Chowk to Aditya Hall",19.9975,73.7898,"https://www.google.com/maps?q=19.9975,73.7898","https://www.google.com/maps?q=19.9975,73.7898"
Indiranagar Police Station,"Sangharsh Sevabhavi Sanstha, Kala Nagar, Indiranagar (IND-006)",IND-006,"Kalanagar Chowk, Indiranagar, Nashik",19.9975,73.7898,"https://www.google.com/maps?q=19.9975,73.7898","https://www.google.com/maps?q=19.9975,73.7898"
Mhasrul Police Station,Kala Krida Shikshanik Va Sanskrutik Mitra Mandal (MHA-001),MHA-001,"Sai Datt Dham Mandir, Gayatri Nagar, Dindori Road, Mhasrul, Nashik",19.9975,73.7898,"https://www.google.com/maps?q=19.9975,73.7898","https://www.google.com/maps?q=19.9975,73.7898"
Mhasrul Police Station,Jijau Kala Krida Va Sanskrutik Mitra Mandal (MHA-002),MHA-002,"In front of Jio Petrol Pump, Jijau Chowk, Dindori Road, Mhasrul, Nashik",19.9975,73.7898,"https://www.google.com/maps?q=19.9975,73.7898","https://www.google.com/maps?q=19.9975,73.7898"
Mhasrul Police Station,Rajmudra Pratishthan (MHA-003),MHA-003,"Mankar Nagar, near Runtha Building, Mankar Petrol Pump, Nashik",19.9975,73.7898,"https://www.google.com/maps?q=19.9975,73.7898","https://www.google.com/maps?q=19.9975,73.7898"
Mhasrul Police Station,Swaraj Kala Krida Va Sanskrutik Mandal (MHA-004),MHA-004,"Shanti Nagar Shanti Nagar Bus Stop, Makhmalabad, Nashik",19.9975,73.7898,"https://www.google.com/maps?q=19.9975,73.7898","https://www.google.com/maps?q=19.9975,73.7898"
Nashik Road Police Station,"D. Nashik Road Deolali Vyapari Sahakari Bank Karmachari Ganeshotsav Mandal, Nashik Road (NAS-001)",NAS-001,"Crowd (Procession): The immersion procession starts from Ashanagar , goes to",19.9975,73.7898,"https://www.google.com/maps?q=19.9975,73.7898","https://www.google.com/maps?q=19.9975,73.7898"
Nashik Road Police Station,"Chhatrapati Shivaji Maharaj Mitra Mandal, Nashik Road (NAS-002)",NAS-002,Crowd (Procession): No procession .,19.9975,73.7898,"https://www.google.com/maps?q=19.9975,73.7898","https://www.google.com/maps?q=19.9975,73.7898"
Nashik Road Police Station,Rickshaw Chalak Malak Sanghatana (NAS-003),NAS-003,"Bitco Chowk, Nashik Road",19.9975,73.7898,"https://www.google.com/maps?q=19.9975,73.7898","https://www.google.com/maps?q=19.9975,73.7898"
Nashik Road Police Station,"Sarvajanik Ganesh Utsav Mandal, Eklahare Colony, Eklahare, Nashik (NAS-004)",NAS-004,Crowd (Procession): The arrival and immersion processions use traditional,19.9975,73.7898,"https://www.google.com/maps?q=19.9975,73.7898","https://www.google.com/maps?q=19.9975,73.7898"
Nashik Road Police Station,"Asha Nagar Tarun Mitra Mandal, Asha Nagar, Bitco Point, Nashik Road (NAS-005)",NAS-005,"Crowd (Procession): The arrival procession goes through Ashanagar , Shivaji",19.9975,73.7898,"https://www.google.com/maps?q=19.9975,73.7898","https://www.google.com/maps?q=19.9975,73.7898"
Nashik Road Police Station,ISP / CNP Welfare Fund Committee Ganeshotsav 2024 (NAS-006),NAS-006,Crowd (Procession): No procession .,19.9975,73.7898,"https://www.google.com/maps?q=19.9975,73.7898","https://www.google.com/maps?q=19.9975,73.7898"
Nashik Road Police Station,Anuradha Friends Circle (Shivsena Pranit) Nashik Road (NAS-007),NAS-007,Crowd (Procession): No procession .,19.9975,73.7898,"https://www.google.com/maps?q=19.9975,73.7898","https://www.google.com/maps?q=19.9975,73.7898"
Nashik Road Police Station,"Shri Ganesh Ekta Mitra Mandal Ganesh Nagar, Jail Road, Nashik Road (NAS-008)",NAS-008,Crowd (Procession): No procession .,19.9975,73.7898,"https://www.google.com/maps?q=19.9975,73.7898","https://www.google.com/maps?q=19.9975,73.7898"
Nashik Road Police Station,Dnyaneshwar Mitra Mandal Sant (NAS-009),NAS-009,"Dnyaneshwar Nagar, Jail Road, Nashik Road",19.9975,73.7898,"https://www.google.com/maps?q=19.9975,73.7898","https://www.google.com/maps?q=19.9975,73.7898"
Nashik Road Police Station,"Angad Foundation, Shinde, Taluka District Nashik (NAS-010)",NAS-010,"Crowd (Procession): The arrival procession , with traditional instruments , goes",19.9975,73.7898,"https://www.google.com/maps?q=19.9975,73.7898","https://www.google.com/maps?q=19.9975,73.7898"
Panchavati Police Station,Shivrudraksh Mitra Mandal (PAN-001),PAN-001,"Kalashrushti Apartment, Adarsh Nagar, Ramwadi, Panchavati",20.012973,73.78317,"https://www.google.com/maps?q=20.012973,73.78317","https://www.google.com/maps?q=20.012973,73.78317"
Panchavati Police Station,Achanak Mitra Mandal (PAN-002),PAN-002,"Gajanan Chowk, Gurudwara Road, Komati Galli, Panchavati",20.008755,73.799299,"https://www.google.com/maps?q=20.008755,73.799299","https://www.google.com/maps?q=20.008755,73.799299"
Panchavati Police Station,Shivmalhar Mitra Mandal (PAN-003),PAN-003,"Ashadeep Mangal Karyalaya, near jogging track on Patakinari",20.015851,73.822983,"https://www.google.com/maps?q=20.015851,73.822983","https://www.google.com/maps?q=20.015851,73.822983"
Panchavati Police Station,Chal Haribhai Agrawal Cultural Arts and Sports Mandal (PAN-004),PAN-004,"Trikoni Garden, Meghraj Bakery, Dindori Naka",19.9975,73.7898,"https://www.google.com/maps?q=19.9975,73.7898","https://www.google.com/maps?q=19.9975,73.7898"
Panchavati Police Station,"Nayshiv Bajrang Arts, Sports and Cultural Charitable Institution (PAN-005)",PAN-005,"Shani Mandir, Ramnagar Peth Road, Panchavati",19.9975,73.7898,"https://www.google.com/maps?q=19.9975,73.7898","https://www.google.com/maps?q=19.9975,73.7898"
Panchavati Police Station,Jai Mahakal Friend Circle (PAN-006),PAN-006,"Behind Myco Hospital, Rajdoot Nagar, Dindori Road, Panchavati",19.9975,73.7898,"https://www.google.com/maps?q=19.9975,73.7898","https://www.google.com/maps?q=19.9975,73.7898"
Panchavati Police Station,Sheshrao Maharaj Mitra Mandal (PAN-007),PAN-007,"Sheshrao Maharaj Chowk, Mahatma Phule Nagar Peth Road,",19.9975,73.7898,"https://www.google.com/maps?q=19.9975,73.7898","https://www.google.com/maps?q=19.9975,73.7898"
Panchavati Police Station,"Sardar Chowk Mitra Mandal, Trust (PAN-008)",PAN-008,"Sardar Chowk, Panchavati, Nashik",19.9975,73.7898,"https://www.google.com/maps?q=19.9975,73.7898","https://www.google.com/maps?q=19.9975,73.7898"
Panchavati Police Station,Shri Samarth Friend Circle (PAN-009),PAN-009,"Rickshaw Stand, Hanumanwadi, Panchavati",19.9975,73.7898,"https://www.google.com/maps?q=19.9975,73.7898","https://www.google.com/maps?q=19.9975,73.7898"
Panchavati Police Station,"Navjeevan Art and Sports Cultural Mandal, Trust (PAN-010)",PAN-010,"Apla Maharashtra Colony, Hirawadi Road, Panchavati",19.9975,73.7898,"https://www.google.com/maps?q=19.9975,73.7898","https://www.google.com/maps?q=19.9975,73.7898"
Panchavati Police Station,Shriman Satyawadi Mitra Mandal (PAN-011),PAN-011,"Peth Road, next to Public Library, in front of Shani Mandir, Peth Road,",19.9975,73.7898,"https://www.google.com/maps?q=19.9975,73.7898","https://www.google.com/maps?q=19.9975,73.7898"
Panchavati Police Station,Savarkar Chowk Mitra Mandal (PAN-012),PAN-012,"Savarkar Chowk, Navnath Nagar Peth Road, Panchavati",19.9975,73.7898,"https://www.google.com/maps?q=19.9975,73.7898","https://www.google.com/maps?q=19.9975,73.7898"
Panchavati Police Station,Shivmanagar Mitra Mandal (PAN-013),PAN-013,"Shivmanagar Mitra Mandal, Hirawadi, Panchavati",19.9975,73.7898,"https://www.google.com/maps?q=19.9975,73.7898","https://www.google.com/maps?q=19.9975,73.7898"
Panchavati Police Station,Shri Varadvinayak Mitra Mandal (PAN-014),PAN-014,"Laxman Nagar, Peth Road, Panchavati",19.9975,73.7898,"https://www.google.com/maps?q=19.9975,73.7898","https://www.google.com/maps?q=19.9975,73.7898"
Panchavati Police Station,Mrityunjay Pratishthan (PAN-015),PAN-015,"Shaktinagar, Hirawadi, Panchavati",19.9975,73.7898,"https://www.google.com/maps?q=19.9975,73.7898","https://www.google.com/maps?q=19.9975,73.7898"
Panchavati Police Station,Youngstar Mitra Mandal (PAN-016),PAN-016,Kalaram Mandir East Gate,19.9975,73.7898,"https://www.google.com/maps?q=19.9975,73.7898","https://www.google.com/maps?q=19.9975,73.7898"
Panchavati Police Station,Samrajya Cultural Arts and Sports Mandal (PAN-017),PAN-017,Myco School Hirawadi Panchavati,19.9975,73.7898,"https://www.google.com/maps?q=19.9975,73.7898","https://www.google.com/maps?q=19.9975,73.7898"
Panchavati Police Station,"Loktantrik Foundation, Nashik (PAN-018)",PAN-018,"Devi Mandir, Dindori Road, Panchavati",19.9975,73.7898,"https://www.google.com/maps?q=19.9975,73.7898","https://www.google.com/maps?q=19.9975,73.7898"
Panchavati Police Station,Kailas Mitra Mandal (PAN-019),PAN-019,"Makhmalabad Naka, Panchavati, Nashik",19.9975,73.7898,"https://www.google.com/maps?q=19.9975,73.7898","https://www.google.com/maps?q=19.9975,73.7898"
Panchavati Police Station,Malegaon Stand Mitra Mandal (PAN-020),PAN-020,"Malegaon Stand, Panchavati, Nashik",19.9975,73.7898,"https://www.google.com/maps?q=19.9975,73.7898","https://www.google.com/maps?q=19.9975,73.7898"
Panchavati Police Station,Vighnaharta Mitra Mandal (PAN-021),PAN-021,"Rajpal Colony, in front of Bhaskar Dairy, Panchavati",19.9975,73.7898,"https://www.google.com/maps?q=19.9975,73.7898","https://www.google.com/maps?q=19.9975,73.7898"
Panchavati Police Station,Durga Friend Circle (PAN-022),PAN-022,"Kamalnagar, Hirawadi, Panchavati",19.9975,73.7898,"https://www.google.com/maps?q=19.9975,73.7898","https://www.google.com/maps?q=19.9975,73.7898"
Panchavati Police Station,Sunny Ujjwal Friend Circle (PAN-023),PAN-023,"Awhad Chal, Ganesh Chowk, Kantinagar, Makhmalabad Road, Panchavati",19.9975,73.7898,"https://www.google.com/maps?q=19.9975,73.7898","https://www.google.com/maps?q=19.9975,73.7898"
Panchavati Police Station,S K Group (PAN-024),PAN-024,"Phulenagar Market Yard, Panchavati, Nashik",19.9975,73.7898,"https://www.google.com/maps?q=19.9975,73.7898","https://www.google.com/maps?q=19.9975,73.7898"
Panchavati Police Station,Ganesh Chowk Mitra Mandal (PAN-025),PAN-025,"Awhad Chal, Ganesh Chowk, Kantinagar, Makhmalabad Road, Panchavati",19.9975,73.7898,"https://www.google.com/maps?q=19.9975,73.7898","https://www.google.com/maps?q=19.9975,73.7898"
Panchavati Police Station,Maungiri Nagar Mitra Mandal (PAN-026),PAN-026,"Maungiri Nagar Bhikusa Paper Mill near, Hirawadi Road, Panchavati",19.9975,73.7898,"https://www.google.com/maps?q=19.9975,73.7898","https://www.google.com/maps?q=19.9975,73.7898"
Panchavati Police Station,Audumbar Nagar Mitra Mandal (PAN-027),PAN-027,"Shinde Savkar Chowk Navnath Nagar, Peth Road, Panchavati",19.9975,73.7898,"https://www.google.com/maps?q=19.9975,73.7898","https://www.google.com/maps?q=19.9975,73.7898"
Panchavati Police Station,Adarsh Nagar Mitra Mandal (PAN-028),PAN-028,"Adarsh Nagar, Ramwadi",19.9975,73.7898,"https://www.google.com/maps?q=19.9975,73.7898","https://www.google.com/maps?q=19.9975,73.7898"
Panchavati Police Station,Vakratund Mitra Mandal (PAN-029),PAN-029,"Amrutdham Nagar, Amrutdham, Panchavati",19.9975,73.7898,"https://www.google.com/maps?q=19.9975,73.7898","https://www.google.com/maps?q=19.9975,73.7898"
Satpur Police Station,Shri Pavan Ganpati Pratishthan (SAT-001),SAT-001,Ganesh Nagar Ganpati mandir udyan satpur,19.9975,73.7898,"https://www.google.com/maps?q=19.9975,73.7898","https://www.google.com/maps?q=19.9975,73.7898"
Satpur Police Station,Bajrang Mitra Mandal (Vadar Yuva Pratishthan) (SAT-002),SAT-002,j.p Nagar Satpur,19.9975,73.7898,"https://www.google.com/maps?q=19.9975,73.7898","https://www.google.com/maps?q=19.9975,73.7898"
Satpur Police Station,Amarjyot Mitra Mandal (SAT-003),SAT-003,"Shri Hans Chowk, Maruti Mandir, Satpur",19.9975,73.7898,"https://www.google.com/maps?q=19.9975,73.7898","https://www.google.com/maps?q=19.9975,73.7898"
Satpur Police Station,Satpurcha Raja Ganeshutsav Samiti 2025 (SAT-004),SAT-004,"Swaraj chowk, Satpur colony",19.9975,73.7898,"https://www.google.com/maps?q=19.9975,73.7898","https://www.google.com/maps?q=19.9975,73.7898"
Satpur Police Station,Om Sairam Mitra Mandal Pranit Satpurcha Raja (SAT-005),SAT-005,"1251 Satpur Colony, Shivneri Garden satpur",19.9975,73.7898,"https://www.google.com/maps?q=19.9975,73.7898","https://www.google.com/maps?q=19.9975,73.7898"
Satpur Police Station,P.L. Group Mitra Mandal Pranit Republican Social Group (SAT-006),SAT-006,"Anand Chhaya Bus Stop, Satpur Colony",19.9975,73.7898,"https://www.google.com/maps?q=19.9975,73.7898","https://www.google.com/maps?q=19.9975,73.7898"
Satpur Police Station,Leo King Social Foundation (SAT-007),SAT-007,"Tambe Complex, Jadhav Sankul, Ashoknagar, Satpur, Nashik",19.9975,73.7898,"https://www.google.com/maps?q=19.9975,73.7898","https://www.google.com/maps?q=19.9975,73.7898"
Satpur Police Station,Rajat Navshya Ganpati Mitra Mandal (SAT-008),SAT-008,"Near Karmachari Rajya Society, Savarkar Nagar Bus Stop",19.9975,73.7898,"https://www.google.com/maps?q=19.9975,73.7898","https://www.google.com/maps?q=19.9975,73.7898"
Satpur Police Station,Raigad Pratishthan (SAT-009),SAT-009,"Ambika Sweet, Maharana Pratap Chowk, Ashoknagar",19.9975,73.7898,"https://www.google.com/maps?q=19.9975,73.7898","https://www.google.com/maps?q=19.9975,73.7898"
Satpur Police Station,Shaurya Yuva Pratishthan (SAT-010),SAT-010,"Manohar Chowk, Shramik Nagar, Satpur",19.9975,73.7898,"https://www.google.com/maps?q=19.9975,73.7898","https://www.google.com/maps?q=19.9975,73.7898"
Satpur Police Station,Shivratna Mitra Mandal (SAT-011),SAT-011,"D.S. Park, Sambhaji Nagar",19.9975,73.7898,"https://www.google.com/maps?q=19.9975,73.7898","https://www.google.com/maps?q=19.9975,73.7898"
Satpur Police Station,Sai Rudra Bahuuddeshiya Sanstha (SAT-012),SAT-012,"Jadhav Sankul, Ashoknagar",19.9975,73.7898,"https://www.google.com/maps?q=19.9975,73.7898","https://www.google.com/maps?q=19.9975,73.7898"
Satpur Police Station,Shri Chhatrapati Shivaji Maharaj Bhaji Mandai (SAT-013),SAT-013,"Chhatrapati Shivaji Maharaj Bhaji Mandai, Satpurgaon",19.9975,73.7898,"https://www.google.com/maps?q=19.9975,73.7898","https://www.google.com/maps?q=19.9975,73.7898"
Satpur Police Station,Bajrang Mitra Mandal (Mulyavan Ganpati) (SAT-014),SAT-014,"Bajrang Nagar, Satpur",19.978786,73.727007,"https://www.google.com/maps?q=19.978786,73.727007","https://www.google.com/maps?q=19.978786,73.727007"
Satpur Police Station,Kamgar Nagar Mitra Mandal (Kamgar Nagarcha Raja) (SAT-015),SAT-015,"Kamgar Nagar Bus Stand, Satpur, Nashik",20.002849,73.74681,"https://www.google.com/maps?q=20.002849,73.74681","https://www.google.com/maps?q=20.002849,73.74681"
Satpur Police Station,Rajya Karmachari Tarun Mitra Mandal (SAT-016),SAT-016,Near Ashoknagar Police Chowki,19.989111,73.713553,"https://www.google.com/maps?q=19.989111,73.713553","https://www.google.com/maps?q=19.989111,73.713553"
Satpur Police Station,Sangharsh Mitra Mandal (SAT-017),SAT-017,"Durgadevi Mitra Mandal, Kamgar Nagar",20.0025328,73.7452984,"https://www.google.com/maps?q=20.0025328,73.7452984","https://www.google.com/maps?q=20.0025328,73.7452984"
Satpur Police Station,Shri Dakshinmukhi Hanuman Mitra Mandal (SAT-018),SAT-018,"Shri Dakshinmukhi Hanuman, Sambhaji Nagar",19.994372,73.710578,"https://www.google.com/maps?q=19.994372,73.710578","https://www.google.com/maps?q=19.994372,73.710578"
Upnagar Police Station,Kai. Nanasaheb jadhav mitra mandal (UPN-001),UPN-001,Suvarna society jadhav mala deolali gaon nasgik road nashik,19.967381,73.824402,"https://www.google.com/maps?q=19.967381,73.824402","https://www.google.com/maps?q=19.967381,73.824402"
Upnagar Police Station,Sairaj Bahuuddeshiya Sanstha (UPN-002),UPN-002,Shriram nagar Holi Flower School Near Nashik Road Nashik,19.9975,73.7898,"https://www.google.com/maps?q=19.9975,73.7898","https://www.google.com/maps?q=19.9975,73.7898"
Upnagar Police Station,Shahi Foundation (UPN-003),UPN-003,Tagore Nagar Utsav Chowk Nashik Road Nashik,19.9975,73.7898,"https://www.google.com/maps?q=19.9975,73.7898","https://www.google.com/maps?q=19.9975,73.7898"
Upnagar Police Station,Eagle Sports & Social Club (UPN-004),UPN-004,Adhitya Huts Near Jain Bhavan Nashik Road Nashik,19.9975,73.7898,"https://www.google.com/maps?q=19.9975,73.7898","https://www.google.com/maps?q=19.9975,73.7898"
Upnagar Police Station,Navnath Mitra Mandal (UPN-005),UPN-005,Sena Kaman Veer Savarkar Nagar Jail Road Nashik Road,19.9975,73.7898,"https://www.google.com/maps?q=19.9975,73.7898","https://www.google.com/maps?q=19.9975,73.7898"
Upnagar Police Station,Shri Ichchapurti Ganesh Mitra Mandal (UPN-006),UPN-006,Near Patbandhare Vahat Mahabali Hanuman Mandir Nashik Road Nashik,19.9975,73.7898,"https://www.google.com/maps?q=19.9975,73.7898","https://www.google.com/maps?q=19.9975,73.7898"
Upnagar Police Station,"Balaji Social Foundation (20 kg silver hands, ears, feet) (UPN-007)",UPN-007,Regimental Point Bitco Point Near Nashik Road Nashik,19.9975,73.7898,"https://www.google.com/maps?q=19.9975,73.7898","https://www.google.com/maps?q=19.9975,73.7898"
Upnagar Police Station,"Shri Ganesh Mitra Mandal (21 kg of silver, single statue) (UPN-008)",UPN-008,Deolali Gaon (Paravari Ganesh) Nashik Road Nashik,19.9975,73.7898,"https://www.google.com/maps?q=19.9975,73.7898","https://www.google.com/maps?q=19.9975,73.7898"
Upnagar Police Station,Jagruti Pratishthan Kala & Krida Sanskrutik Mitra Mandal (UPN-009),UPN-009,Royal Colony Khule Maidan Shri Shri Ravi Shankar Marg Nashik,19.9975,73.7898,"https://www.google.com/maps?q=19.9975,73.7898","https://www.google.com/maps?q=19.9975,73.7898"
Upnagar Police Station,Shri Mhasoba Maharaj Mitra Mandal (UPN-010),UPN-010,"Khole Mala, B Mhasoba Maharaj Bhik, Jai Bhavani Road Nashik Road Nashik",19.9975,73.7898,"https://www.google.com/maps?q=19.9975,73.7898","https://www.google.com/maps?q=19.9975,73.7898"
Upnagar Police Station,Radhekrishna Foundation (Mahila Mandal) (UPN-011),UPN-011,"In Bajaj Showroom Daroa, Nashik",19.9975,73.7898,"https://www.google.com/maps?q=19.9975,73.7898","https://www.google.com/maps?q=19.9975,73.7898"
